aa1	aa2	blosum	grantham	misma_clase
A	C	0	195	FALSE
A	D	-2	126	FALSE
A	E	-1	107	FALSE
A	F	-2	113	TRUE
A	G	0	60	FALSE
A	H	-2	86	FALSE
A	I	-1	94	TRUE
A	K	-1	106	FALSE
A	L	-1	96	TRUE
A	M	-1	84	TRUE
A	N	-2	111	FALSE
A	P	-1	27	TRUE
A	Q	-1	91	FALSE
A	R	-1	112	FALSE
A	S	1	99	FALSE
A	T	0	58	FALSE
A	V	0	64	TRUE
A	W	-3	148	TRUE
A	Y	-2	112	FALSE
C	D	-3	154	FALSE
C	E	-4	170	FALSE
C	F	-2	205	FALSE
C	G	-3	159	TRUE
C	H	-3	174	FALSE
C	I	-1	198	FALSE
C	K	-3	202	FALSE
C	L	-1	198	FALSE
C	M	-1	196	FALSE
C	N	-3	139	FALSE
C	P	-3	169	FALSE
C	Q	-3	154	FALSE
C	R	-3	180	FALSE
C	S	-1	112	FALSE
C	T	-1	149	FALSE
C	V	-1	192	FALSE
C	W	-2	215	FALSE
C	Y	-2	194	FALSE
D	E	2	45	TRUE
D	F	-3	177	FALSE
D	G	-1	94	FALSE
D	H	-1	81	FALSE
D	I	-3	168	FALSE
D	K	-1	101	FALSE
D	L	-4	172	FALSE
D	M	-3	160	FALSE
D	N	1	23	FALSE
D	P	-1	108	FALSE
D	Q	0	61	FALSE
D	R	-2	96	FALSE
D	S	0	65	FALSE
D	T	-1	85	FALSE
D	V	-3	152	FALSE
D	W	-4	181	FALSE
D	Y	-3	160	FALSE
E	F	-3	140	FALSE
E	G	-2	98	FALSE
E	H	0	40	FALSE
E	I	-3	134	FALSE
E	K	1	56	FALSE
E	L	-3	138	FALSE
E	M	-2	126	FALSE
E	N	0	42	FALSE
E	P	-1	93	FALSE
E	Q	2	29	FALSE
E	R	0	54	FALSE
E	S	0	80	FALSE
E	T	-1	65	FALSE
E	V	-2	121	FALSE
E	W	-3	152	FALSE
E	Y	-2	122	FALSE
F	G	-3	153	FALSE
F	H	-1	100	FALSE
F	I	0	21	TRUE
F	K	-3	102	FALSE
F	L	0	22	TRUE
F	M	0	28	TRUE
F	N	-3	158	FALSE
F	P	-4	114	TRUE
F	Q	-3	116	FALSE
F	R	-3	97	FALSE
F	S	-2	155	FALSE
F	T	-2	103	FALSE
F	V	-1	50	TRUE
F	W	1	40	TRUE
F	Y	3	22	FALSE
G	H	-2	98	FALSE
G	I	-4	135	FALSE
G	K	-2	127	FALSE
G	L	-4	138	FALSE
G	M	-3	127	FALSE
G	N	0	80	FALSE
G	P	-2	42	FALSE
G	Q	-2	87	FALSE
G	R	-2	125	FALSE
G	S	0	56	FALSE
G	T	-2	59	FALSE
G	V	-3	109	FALSE
G	W	-2	184	FALSE
G	Y	-3	147	FALSE
H	I	-3	94	FALSE
H	K	-1	32	TRUE
H	L	-3	99	FALSE
H	M	-2	87	FALSE
H	N	1	68	FALSE
H	P	-2	77	FALSE
H	Q	0	24	FALSE
H	R	0	29	TRUE
H	S	-1	89	FALSE
H	T	-2	47	FALSE
H	V	-3	84	FALSE
H	W	-2	115	FALSE
H	Y	2	83	FALSE
I	K	-3	102	FALSE
I	L	2	5	TRUE
I	M	1	10	TRUE
I	N	-3	149	FALSE
I	P	-3	95	TRUE
I	Q	-3	109	FALSE
I	R	-3	97	FALSE
I	S	-2	142	FALSE
I	T	-1	89	FALSE
I	V	3	29	TRUE
I	W	-3	61	TRUE
I	Y	-1	33	FALSE
K	L	-2	107	FALSE
K	M	-1	95	FALSE
K	N	0	94	FALSE
K	P	-1	103	FALSE
K	Q	1	53	FALSE
K	R	2	26	TRUE
K	S	0	121	FALSE
K	T	-1	78	FALSE
K	V	-2	97	FALSE
K	W	-3	110	FALSE
K	Y	-2	85	FALSE
L	M	2	15	TRUE
L	N	-3	153	FALSE
L	P	-3	98	TRUE
L	Q	-2	113	FALSE
L	R	-2	102	FALSE
L	S	-2	145	FALSE
L	T	-1	92	FALSE
L	V	1	32	TRUE
L	W	-2	61	TRUE
L	Y	-1	36	FALSE
M	N	-2	142	FALSE
M	P	-2	87	TRUE
M	Q	0	101	FALSE
M	R	-1	91	FALSE
M	S	-1	135	FALSE
M	T	-1	81	FALSE
M	V	1	21	TRUE
M	W	-1	67	TRUE
M	Y	-1	36	FALSE
N	P	-2	91	FALSE
N	Q	0	46	TRUE
N	R	0	86	FALSE
N	S	1	46	TRUE
N	T	0	65	TRUE
N	V	-3	133	FALSE
N	W	-4	174	FALSE
N	Y	-2	143	TRUE
P	Q	-1	76	FALSE
P	R	-2	103	FALSE
P	S	-1	74	FALSE
P	T	-1	38	FALSE
P	V	-2	68	TRUE
P	W	-4	147	TRUE
P	Y	-3	110	FALSE
Q	R	1	43	FALSE
Q	S	0	68	TRUE
Q	T	-1	42	TRUE
Q	V	-2	96	FALSE
Q	W	-2	130	FALSE
Q	Y	-1	99	TRUE
R	S	-1	110	FALSE
R	T	-1	71	FALSE
R	V	-3	96	FALSE
R	W	-3	101	FALSE
R	Y	-2	77	FALSE
S	T	1	58	TRUE
S	V	-2	124	FALSE
S	W	-3	177	FALSE
S	Y	-2	144	TRUE
T	V	0	69	FALSE
T	W	-2	128	FALSE
T	Y	-2	92	TRUE
V	W	-3	88	TRUE
V	Y	-1	55	FALSE
W	Y	2	37	FALSE
