aa1	aa2	peso	misma_clase
F	L	6	TRUE
G	R	6	FALSE
L	V	6	TRUE
R	S	6	FALSE
S	T	6	TRUE
A	G	4	FALSE
A	P	4	TRUE
A	S	4	FALSE
A	T	4	FALSE
A	V	4	TRUE
C	S	4	FALSE
D	E	4	TRUE
G	V	4	FALSE
H	Q	4	FALSE
I	L	4	TRUE
K	N	4	FALSE
L	P	4	TRUE
L	R	4	FALSE
P	R	4	FALSE
P	S	4	FALSE
P	T	4	FALSE
I	M	3	TRUE
I	T	3	FALSE
I	V	3	TRUE
A	D	2	FALSE
A	E	2	FALSE
C	F	2	FALSE
C	G	2	TRUE
C	R	2	FALSE
C	W	2	FALSE
C	Y	2	FALSE
D	G	2	FALSE
D	H	2	FALSE
D	N	2	FALSE
D	V	2	FALSE
D	Y	2	FALSE
E	G	2	FALSE
E	K	2	FALSE
E	Q	2	FALSE
E	V	2	FALSE
F	I	2	TRUE
F	S	2	FALSE
F	V	2	TRUE
F	Y	2	FALSE
G	S	2	FALSE
H	L	2	FALSE
H	N	2	FALSE
H	P	2	FALSE
H	R	2	TRUE
H	Y	2	FALSE
I	N	2	FALSE
I	S	2	FALSE
K	Q	2	FALSE
K	R	2	TRUE
K	T	2	FALSE
L	M	2	TRUE
L	Q	2	FALSE
L	S	2	FALSE
N	S	2	TRUE
N	T	2	TRUE
N	Y	2	TRUE
P	Q	2	FALSE
Q	R	2	FALSE
R	T	2	FALSE
R	W	2	FALSE
S	Y	2	TRUE
G	W	1	FALSE
I	K	1	FALSE
I	R	1	FALSE
K	M	1	FALSE
L	W	1	TRUE
M	R	1	FALSE
M	T	1	FALSE
M	V	1	TRUE
S	W	1	FALSE
