codon	codon_arn	aa	nombre	clase	b1	b2	b3
TTT	UUU	F	Phe	Hidrofóbico	T	T	T
TTC	UUC	F	Phe	Hidrofóbico	T	T	C
TTA	UUA	L	Leu	Hidrofóbico	T	T	A
TTG	UUG	L	Leu	Hidrofóbico	T	T	G
TCT	UCU	S	Ser	Polar	T	C	T
TCC	UCC	S	Ser	Polar	T	C	C
TCA	UCA	S	Ser	Polar	T	C	A
TCG	UCG	S	Ser	Polar	T	C	G
TAT	UAU	Y	Tyr	Polar	T	A	T
TAC	UAC	Y	Tyr	Polar	T	A	C
TAA	UAA	*	Paro	Paro	T	A	A
TAG	UAG	*	Paro	Paro	T	A	G
TGT	UGU	C	Cys	Especial	T	G	T
TGC	UGC	C	Cys	Especial	T	G	C
TGA	UGA	*	Paro	Paro	T	G	A
TGG	UGG	W	Trp	Hidrofóbico	T	G	G
CTT	CUU	L	Leu	Hidrofóbico	C	T	T
CTC	CUC	L	Leu	Hidrofóbico	C	T	C
CTA	CUA	L	Leu	Hidrofóbico	C	T	A
CTG	CUG	L	Leu	Hidrofóbico	C	T	G
CCT	CCU	P	Pro	Hidrofóbico	C	C	T
CCC	CCC	P	Pro	Hidrofóbico	C	C	C
CCA	CCA	P	Pro	Hidrofóbico	C	C	A
CCG	CCG	P	Pro	Hidrofóbico	C	C	G
CAT	CAU	H	His	Básico	C	A	T
CAC	CAC	H	His	Básico	C	A	C
CAA	CAA	Q	Gln	Polar	C	A	A
CAG	CAG	Q	Gln	Polar	C	A	G
CGT	CGU	R	Arg	Básico	C	G	T
CGC	CGC	R	Arg	Básico	C	G	C
CGA	CGA	R	Arg	Básico	C	G	A
CGG	CGG	R	Arg	Básico	C	G	G
ATT	AUU	I	Ile	Hidrofóbico	A	T	T
ATC	AUC	I	Ile	Hidrofóbico	A	T	C
ATA	AUA	I	Ile	Hidrofóbico	A	T	A
ATG	AUG	M	Met	Hidrofóbico	A	T	G
ACT	ACU	T	Thr	Polar	A	C	T
ACC	ACC	T	Thr	Polar	A	C	C
ACA	ACA	T	Thr	Polar	A	C	A
ACG	ACG	T	Thr	Polar	A	C	G
AAT	AAU	N	Asn	Polar	A	A	T
AAC	AAC	N	Asn	Polar	A	A	C
AAA	AAA	K	Lys	Básico	A	A	A
AAG	AAG	K	Lys	Básico	A	A	G
AGT	AGU	S	Ser	Polar	A	G	T
AGC	AGC	S	Ser	Polar	A	G	C
AGA	AGA	R	Arg	Básico	A	G	A
AGG	AGG	R	Arg	Básico	A	G	G
GTT	GUU	V	Val	Hidrofóbico	G	T	T
GTC	GUC	V	Val	Hidrofóbico	G	T	C
GTA	GUA	V	Val	Hidrofóbico	G	T	A
GTG	GUG	V	Val	Hidrofóbico	G	T	G
GCT	GCU	A	Ala	Hidrofóbico	G	C	T
GCC	GCC	A	Ala	Hidrofóbico	G	C	C
GCA	GCA	A	Ala	Hidrofóbico	G	C	A
GCG	GCG	A	Ala	Hidrofóbico	G	C	G
GAT	GAU	D	Asp	Ácido	G	A	T
GAC	GAC	D	Asp	Ácido	G	A	C
GAA	GAA	E	Glu	Ácido	G	A	A
GAG	GAG	E	Glu	Ácido	G	A	G
GGT	GGU	G	Gly	Especial	G	G	T
GGC	GGC	G	Gly	Especial	G	G	C
GGA	GGA	G	Gly	Especial	G	G	A
GGG	GGG	G	Gly	Especial	G	G	G
