organismo	codon	codon_arn	aa	nombre_aa	clase	n_obs	rscu	gc_cds	assembly	fecha_descarga	fuente
P. falciparum	GCT	GCU	A	Ala	Hidrofóbico	33102	1.6586	0.2373	GCF_000002765.6	2026-08-05	NCBI RefSeq, CDS; RSCU calculado por 04_uso_codones.R
E. coli	GCT	GCU	A	Ala	Hidrofóbico	19877	0.6371	0.5202	GCF_000005845.2	2026-08-05	NCBI RefSeq, CDS; RSCU calculado por 04_uso_codones.R
S. coelicolor	GCT	GCU	A	Ala	Hidrofóbico	7702	0.0863	0.7239	GCF_000203835.1	2026-08-05	NCBI RefSeq, CDS; RSCU calculado por 04_uso_codones.R
P. falciparum	GCC	GCC	A	Ala	Hidrofóbico	8510	0.4264	0.2373	GCF_000002765.6	2026-08-05	NCBI RefSeq, CDS; RSCU calculado por 04_uso_codones.R
E. coli	GCC	GCC	A	Ala	Hidrofóbico	33759	1.082	0.5202	GCF_000005845.2	2026-08-05	NCBI RefSeq, CDS; RSCU calculado por 04_uso_codones.R
S. coelicolor	GCC	GCC	A	Ala	Hidrofóbico	205450	2.3015	0.7239	GCF_000203835.1	2026-08-05	NCBI RefSeq, CDS; RSCU calculado por 04_uso_codones.R
P. falciparum	GCA	GCA	A	Ala	Hidrofóbico	33883	1.6977	0.2373	GCF_000002765.6	2026-08-05	NCBI RefSeq, CDS; RSCU calculado por 04_uso_codones.R
E. coli	GCA	GCA	A	Ala	Hidrofóbico	26371	0.8452	0.5202	GCF_000005845.2	2026-08-05	NCBI RefSeq, CDS; RSCU calculado por 04_uso_codones.R
S. coelicolor	GCA	GCA	A	Ala	Hidrofóbico	14371	0.161	0.7239	GCF_000203835.1	2026-08-05	NCBI RefSeq, CDS; RSCU calculado por 04_uso_codones.R
P. falciparum	GCG	GCG	A	Ala	Hidrofóbico	4337	0.2173	0.2373	GCF_000002765.6	2026-08-05	NCBI RefSeq, CDS; RSCU calculado por 04_uso_codones.R
E. coli	GCG	GCG	A	Ala	Hidrofóbico	44796	1.4357	0.5202	GCF_000005845.2	2026-08-05	NCBI RefSeq, CDS; RSCU calculado por 04_uso_codones.R
S. coelicolor	GCG	GCG	A	Ala	Hidrofóbico	129556	1.4513	0.7239	GCF_000203835.1	2026-08-05	NCBI RefSeq, CDS; RSCU calculado por 04_uso_codones.R
P. falciparum	TTT	UUU	F	Phe	Hidrofóbico	149217	1.6729	0.2373	GCF_000002765.6	2026-08-05	NCBI RefSeq, CDS; RSCU calculado por 04_uso_codones.R
E. coli	TTT	UUU	F	Phe	Hidrofóbico	29080	1.1444	0.5202	GCF_000005845.2	2026-08-05	NCBI RefSeq, CDS; RSCU calculado por 04_uso_codones.R
S. coelicolor	TTT	UUU	F	Phe	Hidrofóbico	1069	0.0311	0.7239	GCF_000203835.1	2026-08-05	NCBI RefSeq, CDS; RSCU calculado por 04_uso_codones.R
P. falciparum	TTC	UUC	F	Phe	Hidrofóbico	29173	0.3271	0.2373	GCF_000002765.6	2026-08-05	NCBI RefSeq, CDS; RSCU calculado por 04_uso_codones.R
E. coli	TTC	UUC	F	Phe	Hidrofóbico	21742	0.8556	0.5202	GCF_000005845.2	2026-08-05	NCBI RefSeq, CDS; RSCU calculado por 04_uso_codones.R
S. coelicolor	TTC	UUC	F	Phe	Hidrofóbico	67605	1.9689	0.7239	GCF_000203835.1	2026-08-05	NCBI RefSeq, CDS; RSCU calculado por 04_uso_codones.R
P. falciparum	ATT	AUU	I	Ile	Hidrofóbico	146985	1.1677	0.2373	GCF_000002765.6	2026-08-05	NCBI RefSeq, CDS; RSCU calculado por 04_uso_codones.R
E. coli	ATT	AUU	I	Ile	Hidrofóbico	39824	1.5266	0.5202	GCF_000005845.2	2026-08-05	NCBI RefSeq, CDS; RSCU calculado por 04_uso_codones.R
S. coelicolor	ATT	AUU	I	Ile	Hidrofóbico	1589	0.0637	0.7239	GCF_000203835.1	2026-08-05	NCBI RefSeq, CDS; RSCU calculado por 04_uso_codones.R
P. falciparum	ATC	AUC	I	Ile	Hidrofóbico	25658	0.2038	0.2373	GCF_000002765.6	2026-08-05	NCBI RefSeq, CDS; RSCU calculado por 04_uso_codones.R
E. coli	ATC	AUC	I	Ile	Hidrofóbico	33118	1.2695	0.5202	GCF_000005845.2	2026-08-05	NCBI RefSeq, CDS; RSCU calculado por 04_uso_codones.R
S. coelicolor	ATC	AUC	I	Ile	Hidrofóbico	71551	2.8701	0.7239	GCF_000203835.1	2026-08-05	NCBI RefSeq, CDS; RSCU calculado por 04_uso_codones.R
P. falciparum	ATA	AUA	I	Ile	Hidrofóbico	204974	1.6284	0.2373	GCF_000002765.6	2026-08-05	NCBI RefSeq, CDS; RSCU calculado por 04_uso_codones.R
E. coli	ATA	AUA	I	Ile	Hidrofóbico	5318	0.2039	0.5202	GCF_000005845.2	2026-08-05	NCBI RefSeq, CDS; RSCU calculado por 04_uso_codones.R
S. coelicolor	ATA	AUA	I	Ile	Hidrofóbico	1649	0.0661	0.7239	GCF_000203835.1	2026-08-05	NCBI RefSeq, CDS; RSCU calculado por 04_uso_codones.R
P. falciparum	CTT	CUU	L	Leu	Hidrofóbico	35666	0.6906	0.2373	GCF_000002765.6	2026-08-05	NCBI RefSeq, CDS; RSCU calculado por 04_uso_codones.R
E. coli	CTT	CUU	L	Leu	Hidrofóbico	14269	0.6125	0.5202	GCF_000005845.2	2026-08-05	NCBI RefSeq, CDS; RSCU calculado por 04_uso_codones.R
S. coelicolor	CTT	CUU	L	Leu	Hidrofóbico	3976	0.0893	0.7239	GCF_000203835.1	2026-08-05	NCBI RefSeq, CDS; RSCU calculado por 04_uso_codones.R
P. falciparum	CTC	CUC	L	Leu	Hidrofóbico	7328	0.1419	0.2373	GCF_000002765.6	2026-08-05	NCBI RefSeq, CDS; RSCU calculado por 04_uso_codones.R
E. coli	CTC	CUC	L	Leu	Hidrofóbico	14599	0.6266	0.5202	GCF_000005845.2	2026-08-05	NCBI RefSeq, CDS; RSCU calculado por 04_uso_codones.R
S. coelicolor	CTC	CUC	L	Leu	Hidrofóbico	95719	2.1503	0.7239	GCF_000203835.1	2026-08-05	NCBI RefSeq, CDS; RSCU calculado por 04_uso_codones.R
P. falciparum	CTA	CUA	L	Leu	Hidrofóbico	24579	0.4759	0.2373	GCF_000002765.6	2026-08-05	NCBI RefSeq, CDS; RSCU calculado por 04_uso_codones.R
E. coli	CTA	CUA	L	Leu	Hidrofóbico	5055	0.217	0.5202	GCF_000005845.2	2026-08-05	NCBI RefSeq, CDS; RSCU calculado por 04_uso_codones.R
S. coelicolor	CTA	CUA	L	Leu	Hidrofóbico	852	0.0191	0.7239	GCF_000203835.1	2026-08-05	NCBI RefSeq, CDS; RSCU calculado por 04_uso_codones.R
P. falciparum	CTG	CUG	L	Leu	Hidrofóbico	6112	0.1183	0.2373	GCF_000002765.6	2026-08-05	NCBI RefSeq, CDS; RSCU calculado por 04_uso_codones.R
E. coli	CTG	CUG	L	Leu	Hidrofóbico	70074	3.0077	0.5202	GCF_000005845.2	2026-08-05	NCBI RefSeq, CDS; RSCU calculado por 04_uso_codones.R
S. coelicolor	CTG	CUG	L	Leu	Hidrofóbico	160280	3.6007	0.7239	GCF_000203835.1	2026-08-05	NCBI RefSeq, CDS; RSCU calculado por 04_uso_codones.R
P. falciparum	TTA	UUA	L	Leu	Hidrofóbico	193079	3.7384	0.2373	GCF_000002765.6	2026-08-05	NCBI RefSeq, CDS; RSCU calculado por 04_uso_codones.R
E. coli	TTA	UUA	L	Leu	Hidrofóbico	17934	0.7698	0.5202	GCF_000005845.2	2026-08-05	NCBI RefSeq, CDS; RSCU calculado por 04_uso_codones.R
S. coelicolor	TTA	UUA	L	Leu	Hidrofóbico	136	0.0031	0.7239	GCF_000203835.1	2026-08-05	NCBI RefSeq, CDS; RSCU calculado por 04_uso_codones.R
P. falciparum	TTG	UUG	L	Leu	Hidrofóbico	43119	0.8349	0.2373	GCF_000002765.6	2026-08-05	NCBI RefSeq, CDS; RSCU calculado por 04_uso_codones.R
E. coli	TTG	UUG	L	Leu	Hidrofóbico	17857	0.7665	0.5202	GCF_000005845.2	2026-08-05	NCBI RefSeq, CDS; RSCU calculado por 04_uso_codones.R
S. coelicolor	TTG	UUG	L	Leu	Hidrofóbico	6122	0.1375	0.7239	GCF_000203835.1	2026-08-05	NCBI RefSeq, CDS; RSCU calculado por 04_uso_codones.R
P. falciparum	ATG	AUG	M	Met	Hidrofóbico	89430	1	0.2373	GCF_000002765.6	2026-08-05	NCBI RefSeq, CDS; RSCU calculado por 04_uso_codones.R
E. coli	ATG	AUG	M	Met	Hidrofóbico	36193	1	0.5202	GCF_000005845.2	2026-08-05	NCBI RefSeq, CDS; RSCU calculado por 04_uso_codones.R
S. coelicolor	ATG	AUG	M	Met	Hidrofóbico	40853	1	0.7239	GCF_000203835.1	2026-08-05	NCBI RefSeq, CDS; RSCU calculado por 04_uso_codones.R
P. falciparum	CCT	CCU	P	Pro	Hidrofóbico	31828	1.579	0.2373	GCF_000002765.6	2026-08-05	NCBI RefSeq, CDS; RSCU calculado por 04_uso_codones.R
E. coli	CCT	CCU	P	Pro	Hidrofóbico	9047	0.6239	0.5202	GCF_000005845.2	2026-08-05	NCBI RefSeq, CDS; RSCU calculado por 04_uso_codones.R
S. coelicolor	CCT	CCU	P	Pro	Hidrofóbico	3788	0.0947	0.7239	GCF_000203835.1	2026-08-05	NCBI RefSeq, CDS; RSCU calculado por 04_uso_codones.R
P. falciparum	CCC	CCC	P	Pro	Hidrofóbico	8393	0.4164	0.2373	GCF_000002765.6	2026-08-05	NCBI RefSeq, CDS; RSCU calculado por 04_uso_codones.R
E. coli	CCC	CCC	P	Pro	Hidrofóbico	7083	0.4885	0.5202	GCF_000005845.2	2026-08-05	NCBI RefSeq, CDS; RSCU calculado por 04_uso_codones.R
S. coelicolor	CCC	CCC	P	Pro	Hidrofóbico	66301	1.658	0.7239	GCF_000203835.1	2026-08-05	NCBI RefSeq, CDS; RSCU calculado por 04_uso_codones.R
P. falciparum	CCA	CCA	P	Pro	Hidrofóbico	36562	1.8139	0.2373	GCF_000002765.6	2026-08-05	NCBI RefSeq, CDS; RSCU calculado por 04_uso_codones.R
E. coli	CCA	CCA	P	Pro	Hidrofóbico	10991	0.758	0.5202	GCF_000005845.2	2026-08-05	NCBI RefSeq, CDS; RSCU calculado por 04_uso_codones.R
S. coelicolor	CCA	CCA	P	Pro	Hidrofóbico	3235	0.0809	0.7239	GCF_000203835.1	2026-08-05	NCBI RefSeq, CDS; RSCU calculado por 04_uso_codones.R
P. falciparum	CCG	CCG	P	Pro	Hidrofóbico	3844	0.1907	0.2373	GCF_000002765.6	2026-08-05	NCBI RefSeq, CDS; RSCU calculado por 04_uso_codones.R
E. coli	CCG	CCG	P	Pro	Hidrofóbico	30881	2.1297	0.5202	GCF_000005845.2	2026-08-05	NCBI RefSeq, CDS; RSCU calculado por 04_uso_codones.R
S. coelicolor	CCG	CCG	P	Pro	Hidrofóbico	86633	2.1664	0.7239	GCF_000203835.1	2026-08-05	NCBI RefSeq, CDS; RSCU calculado por 04_uso_codones.R
P. falciparum	GTT	GUU	V	Val	Hidrofóbico	61906	1.5967	0.2373	GCF_000002765.6	2026-08-05	NCBI RefSeq, CDS; RSCU calculado por 04_uso_codones.R
E. coli	GTT	GUU	V	Val	Hidrofóbico	23909	1.0299	0.5202	GCF_000005845.2	2026-08-05	NCBI RefSeq, CDS; RSCU calculado por 04_uso_codones.R
S. coelicolor	GTT	GUU	V	Val	Hidrofóbico	3463	0.062	0.7239	GCF_000203835.1	2026-08-05	NCBI RefSeq, CDS; RSCU calculado por 04_uso_codones.R
P. falciparum	GTC	GUC	V	Val	Hidrofóbico	9917	0.2558	0.2373	GCF_000002765.6	2026-08-05	NCBI RefSeq, CDS; RSCU calculado por 04_uso_codones.R
E. coli	GTC	GUC	V	Val	Hidrofóbico	20067	0.8644	0.5202	GCF_000005845.2	2026-08-05	NCBI RefSeq, CDS; RSCU calculado por 04_uso_codones.R
S. coelicolor	GTC	GUC	V	Val	Hidrofóbico	122377	2.1922	0.7239	GCF_000203835.1	2026-08-05	NCBI RefSeq, CDS; RSCU calculado por 04_uso_codones.R
P. falciparum	GTA	GUA	V	Val	Hidrofóbico	63727	1.6437	0.2373	GCF_000002765.6	2026-08-05	NCBI RefSeq, CDS; RSCU calculado por 04_uso_codones.R
E. coli	GTA	GUA	V	Val	Hidrofóbico	14225	0.6128	0.5202	GCF_000005845.2	2026-08-05	NCBI RefSeq, CDS; RSCU calculado por 04_uso_codones.R
S. coelicolor	GTA	GUA	V	Val	Hidrofóbico	6848	0.1227	0.7239	GCF_000203835.1	2026-08-05	NCBI RefSeq, CDS; RSCU calculado por 04_uso_codones.R
P. falciparum	GTG	GUG	V	Val	Hidrofóbico	19531	0.5038	0.2373	GCF_000002765.6	2026-08-05	NCBI RefSeq, CDS; RSCU calculado por 04_uso_codones.R
E. coli	GTG	GUG	V	Val	Hidrofóbico	34655	1.4928	0.5202	GCF_000005845.2	2026-08-05	NCBI RefSeq, CDS; RSCU calculado por 04_uso_codones.R
S. coelicolor	GTG	GUG	V	Val	Hidrofóbico	90604	1.6231	0.7239	GCF_000203835.1	2026-08-05	NCBI RefSeq, CDS; RSCU calculado por 04_uso_codones.R
P. falciparum	TGG	UGG	W	Trp	Hidrofóbico	19950	1	0.2373	GCF_000002765.6	2026-08-05	NCBI RefSeq, CDS; RSCU calculado por 04_uso_codones.R
E. coli	TGG	UGG	W	Trp	Hidrofóbico	19952	1	0.5202	GCF_000005845.2	2026-08-05	NCBI RefSeq, CDS; RSCU calculado por 04_uso_codones.R
S. coelicolor	TGG	UGG	W	Trp	Hidrofóbico	39679	1	0.7239	GCF_000203835.1	2026-08-05	NCBI RefSeq, CDS; RSCU calculado por 04_uso_codones.R
P. falciparum	AAT	AAU	N	Asn	Polar	507816	1.7214	0.2373	GCF_000002765.6	2026-08-05	NCBI RefSeq, CDS; RSCU calculado por 04_uso_codones.R
E. coli	AAT	AAU	N	Asn	Polar	22763	0.8887	0.5202	GCF_000005845.2	2026-08-05	NCBI RefSeq, CDS; RSCU calculado por 04_uso_codones.R
S. coelicolor	AAT	AAU	N	Asn	Polar	1802	0.0815	0.7239	GCF_000203835.1	2026-08-05	NCBI RefSeq, CDS; RSCU calculado por 04_uso_codones.R
P. falciparum	AAC	AAC	N	Asn	Polar	82203	0.2786	0.2373	GCF_000002765.6	2026-08-05	NCBI RefSeq, CDS; RSCU calculado por 04_uso_codones.R
E. coli	AAC	AAC	N	Asn	Polar	28464	1.1113	0.5202	GCF_000005845.2	2026-08-05	NCBI RefSeq, CDS; RSCU calculado por 04_uso_codones.R
S. coelicolor	AAC	AAC	N	Asn	Polar	42397	1.9185	0.7239	GCF_000203835.1	2026-08-05	NCBI RefSeq, CDS; RSCU calculado por 04_uso_codones.R
P. falciparum	CAA	CAA	Q	Gln	Polar	97743	1.7331	0.2373	GCF_000002765.6	2026-08-05	NCBI RefSeq, CDS; RSCU calculado por 04_uso_codones.R
E. coli	CAA	CAA	Q	Gln	Polar	20117	0.6925	0.5202	GCF_000005845.2	2026-08-05	NCBI RefSeq, CDS; RSCU calculado por 04_uso_codones.R
S. coelicolor	CAA	CAA	Q	Gln	Polar	3397	0.0986	0.7239	GCF_000203835.1	2026-08-05	NCBI RefSeq, CDS; RSCU calculado por 04_uso_codones.R
P. falciparum	CAG	CAG	Q	Gln	Polar	15050	0.2669	0.2373	GCF_000002765.6	2026-08-05	NCBI RefSeq, CDS; RSCU calculado por 04_uso_codones.R
E. coli	CAG	CAG	Q	Gln	Polar	37983	1.3075	0.5202	GCF_000005845.2	2026-08-05	NCBI RefSeq, CDS; RSCU calculado por 04_uso_codones.R
S. coelicolor	CAG	CAG	Q	Gln	Polar	65491	1.9014	0.7239	GCF_000203835.1	2026-08-05	NCBI RefSeq, CDS; RSCU calculado por 04_uso_codones.R
P. falciparum	AGT	AGU	S	Ser	Polar	83655	1.9265	0.2373	GCF_000002765.6	2026-08-05	NCBI RefSeq, CDS; RSCU calculado por 04_uso_codones.R
E. coli	AGT	AGU	S	Ser	Polar	11319	0.8992	0.5202	GCF_000005845.2	2026-08-05	NCBI RefSeq, CDS; RSCU calculado por 04_uso_codones.R
S. coelicolor	AGT	AGU	S	Ser	Polar	3813	0.1782	0.7239	GCF_000203835.1	2026-08-05	NCBI RefSeq, CDS; RSCU calculado por 04_uso_codones.R
P. falciparum	AGC	AGC	S	Ser	Polar	16049	0.3696	0.2373	GCF_000002765.6	2026-08-05	NCBI RefSeq, CDS; RSCU calculado por 04_uso_codones.R
E. coli	AGC	AGC	S	Ser	Polar	21131	1.6787	0.5202	GCF_000005845.2	2026-08-05	NCBI RefSeq, CDS; RSCU calculado por 04_uso_codones.R
S. coelicolor	AGC	AGC	S	Ser	Polar	32225	1.5061	0.7239	GCF_000203835.1	2026-08-05	NCBI RefSeq, CDS; RSCU calculado por 04_uso_codones.R
P. falciparum	TCT	UCU	S	Ser	Polar	59831	1.3779	0.2373	GCF_000002765.6	2026-08-05	NCBI RefSeq, CDS; RSCU calculado por 04_uso_codones.R
E. coli	TCT	UCU	S	Ser	Polar	10945	0.8695	0.5202	GCF_000005845.2	2026-08-05	NCBI RefSeq, CDS; RSCU calculado por 04_uso_codones.R
S. coelicolor	TCT	UCU	S	Ser	Polar	1554	0.0726	0.7239	GCF_000203835.1	2026-08-05	NCBI RefSeq, CDS; RSCU calculado por 04_uso_codones.R
P. falciparum	TCC	UCC	S	Ser	Polar	21020	0.4841	0.2373	GCF_000002765.6	2026-08-05	NCBI RefSeq, CDS; RSCU calculado por 04_uso_codones.R
E. coli	TCC	UCC	S	Ser	Polar	11295	0.8973	0.5202	GCF_000005845.2	2026-08-05	NCBI RefSeq, CDS; RSCU calculado por 04_uso_codones.R
S. coelicolor	TCC	UCC	S	Ser	Polar	52639	2.4602	0.7239	GCF_000203835.1	2026-08-05	NCBI RefSeq, CDS; RSCU calculado por 04_uso_codones.R
P. falciparum	TCA	UCA	S	Ser	Polar	67663	1.5582	0.2373	GCF_000002765.6	2026-08-05	NCBI RefSeq, CDS; RSCU calculado por 04_uso_codones.R
E. coli	TCA	UCA	S	Ser	Polar	9109	0.7237	0.5202	GCF_000005845.2	2026-08-05	NCBI RefSeq, CDS; RSCU calculado por 04_uso_codones.R
S. coelicolor	TCA	UCA	S	Ser	Polar	2639	0.1233	0.7239	GCF_000203835.1	2026-08-05	NCBI RefSeq, CDS; RSCU calculado por 04_uso_codones.R
P. falciparum	TCG	UCG	S	Ser	Polar	12319	0.2837	0.2373	GCF_000002765.6	2026-08-05	NCBI RefSeq, CDS; RSCU calculado por 04_uso_codones.R
E. coli	TCG	UCG	S	Ser	Polar	11726	0.9316	0.5202	GCF_000005845.2	2026-08-05	NCBI RefSeq, CDS; RSCU calculado por 04_uso_codones.R
S. coelicolor	TCG	UCG	S	Ser	Polar	35507	1.6595	0.7239	GCF_000203835.1	2026-08-05	NCBI RefSeq, CDS; RSCU calculado por 04_uso_codones.R
P. falciparum	ACT	ACU	T	Thr	Polar	42809	1.0305	0.2373	GCF_000002765.6	2026-08-05	NCBI RefSeq, CDS; RSCU calculado por 04_uso_codones.R
E. coli	ACT	ACU	T	Thr	Polar	11497	0.6539	0.5202	GCF_000005845.2	2026-08-05	NCBI RefSeq, CDS; RSCU calculado por 04_uso_codones.R
S. coelicolor	ACT	ACU	T	Thr	Polar	2954	0.0735	0.7239	GCF_000203835.1	2026-08-05	NCBI RefSeq, CDS; RSCU calculado por 04_uso_codones.R
P. falciparum	ACC	ACC	T	Thr	Polar	19581	0.4714	0.2373	GCF_000002765.6	2026-08-05	NCBI RefSeq, CDS; RSCU calculado por 04_uso_codones.R
E. coli	ACC	ACC	T	Thr	Polar	30946	1.7602	0.5202	GCF_000005845.2	2026-08-05	NCBI RefSeq, CDS; RSCU calculado por 04_uso_codones.R
S. coelicolor	ACC	ACC	T	Thr	Polar	104138	2.5924	0.7239	GCF_000203835.1	2026-08-05	NCBI RefSeq, CDS; RSCU calculado por 04_uso_codones.R
P. falciparum	ACA	ACA	T	Thr	Polar	88439	2.1289	0.2373	GCF_000002765.6	2026-08-05	NCBI RefSeq, CDS; RSCU calculado por 04_uso_codones.R
E. coli	ACA	ACA	T	Thr	Polar	8934	0.5082	0.5202	GCF_000005845.2	2026-08-05	NCBI RefSeq, CDS; RSCU calculado por 04_uso_codones.R
S. coelicolor	ACA	ACA	T	Thr	Polar	4140	0.1031	0.7239	GCF_000203835.1	2026-08-05	NCBI RefSeq, CDS; RSCU calculado por 04_uso_codones.R
P. falciparum	ACG	ACG	T	Thr	Polar	15340	0.3693	0.2373	GCF_000002765.6	2026-08-05	NCBI RefSeq, CDS; RSCU calculado por 04_uso_codones.R
E. coli	ACG	ACG	T	Thr	Polar	18947	1.0777	0.5202	GCF_000005845.2	2026-08-05	NCBI RefSeq, CDS; RSCU calculado por 04_uso_codones.R
S. coelicolor	ACG	ACG	T	Thr	Polar	49453	1.2311	0.7239	GCF_000203835.1	2026-08-05	NCBI RefSeq, CDS; RSCU calculado por 04_uso_codones.R
P. falciparum	TAT	UAU	Y	Tyr	Polar	207344	1.7835	0.2373	GCF_000002765.6	2026-08-05	NCBI RefSeq, CDS; RSCU calculado por 04_uso_codones.R
E. coli	TAT	UAU	Y	Tyr	Polar	21015	1.1343	0.5202	GCF_000005845.2	2026-08-05	NCBI RefSeq, CDS; RSCU calculado por 04_uso_codones.R
S. coelicolor	TAT	UAU	Y	Tyr	Polar	2508	0.0934	0.7239	GCF_000203835.1	2026-08-05	NCBI RefSeq, CDS; RSCU calculado por 04_uso_codones.R
P. falciparum	TAC	UAC	Y	Tyr	Polar	25173	0.2165	0.2373	GCF_000002765.6	2026-08-05	NCBI RefSeq, CDS; RSCU calculado por 04_uso_codones.R
E. coli	TAC	UAC	Y	Tyr	Polar	16039	0.8657	0.5202	GCF_000005845.2	2026-08-05	NCBI RefSeq, CDS; RSCU calculado por 04_uso_codones.R
S. coelicolor	TAC	UAC	Y	Tyr	Polar	51183	1.9066	0.7239	GCF_000203835.1	2026-08-05	NCBI RefSeq, CDS; RSCU calculado por 04_uso_codones.R
P. falciparum	GAT	GAU	D	Asp	Ácido	228934	1.7297	0.2373	GCF_000002765.6	2026-08-05	NCBI RefSeq, CDS; RSCU calculado por 04_uso_codones.R
E. coli	GAT	GAU	D	Asp	Ácido	42070	1.2514	0.5202	GCF_000005845.2	2026-08-05	NCBI RefSeq, CDS; RSCU calculado por 04_uso_codones.R
S. coelicolor	GAT	GAU	D	Asp	Ácido	7678	0.0961	0.7239	GCF_000203835.1	2026-08-05	NCBI RefSeq, CDS; RSCU calculado por 04_uso_codones.R
P. falciparum	GAC	GAC	D	Asp	Ácido	35772	0.2703	0.2373	GCF_000002765.6	2026-08-05	NCBI RefSeq, CDS; RSCU calculado por 04_uso_codones.R
E. coli	GAC	GAC	D	Asp	Ácido	25167	0.7486	0.5202	GCF_000005845.2	2026-08-05	NCBI RefSeq, CDS; RSCU calculado por 04_uso_codones.R
S. coelicolor	GAC	GAC	D	Asp	Ácido	152080	1.9039	0.7239	GCF_000203835.1	2026-08-05	NCBI RefSeq, CDS; RSCU calculado por 04_uso_codones.R
P. falciparum	GAA	GAA	E	Glu	Ácido	249474	1.7098	0.2373	GCF_000002765.6	2026-08-05	NCBI RefSeq, CDS; RSCU calculado por 04_uso_codones.R
E. coli	GAA	GAA	E	Glu	Ácido	52025	1.3815	0.5202	GCF_000005845.2	2026-08-05	NCBI RefSeq, CDS; RSCU calculado por 04_uso_codones.R
S. coelicolor	GAA	GAA	E	Glu	Ácido	22372	0.303	0.7239	GCF_000203835.1	2026-08-05	NCBI RefSeq, CDS; RSCU calculado por 04_uso_codones.R
P. falciparum	GAG	GAG	E	Glu	Ácido	42343	0.2902	0.2373	GCF_000002765.6	2026-08-05	NCBI RefSeq, CDS; RSCU calculado por 04_uso_codones.R
E. coli	GAG	GAG	E	Glu	Ácido	23292	0.6185	0.5202	GCF_000005845.2	2026-08-05	NCBI RefSeq, CDS; RSCU calculado por 04_uso_codones.R
S. coelicolor	GAG	GAG	E	Glu	Ácido	125316	1.697	0.7239	GCF_000203835.1	2026-08-05	NCBI RefSeq, CDS; RSCU calculado por 04_uso_codones.R
P. falciparum	CAT	CAU	H	His	Básico	84509	1.7125	0.2373	GCF_000002765.6	2026-08-05	NCBI RefSeq, CDS; RSCU calculado por 04_uso_codones.R
E. coli	CAT	CAU	H	His	Básico	16816	1.1402	0.5202	GCF_000005845.2	2026-08-05	NCBI RefSeq, CDS; RSCU calculado por 04_uso_codones.R
S. coelicolor	CAT	CAU	H	His	Básico	4219	0.1386	0.7239	GCF_000203835.1	2026-08-05	NCBI RefSeq, CDS; RSCU calculado por 04_uso_codones.R
P. falciparum	CAC	CAC	H	His	Básico	14190	0.2875	0.2373	GCF_000002765.6	2026-08-05	NCBI RefSeq, CDS; RSCU calculado por 04_uso_codones.R
E. coli	CAC	CAC	H	His	Básico	12680	0.8598	0.5202	GCF_000005845.2	2026-08-05	NCBI RefSeq, CDS; RSCU calculado por 04_uso_codones.R
S. coelicolor	CAC	CAC	H	His	Básico	56680	1.8614	0.7239	GCF_000203835.1	2026-08-05	NCBI RefSeq, CDS; RSCU calculado por 04_uso_codones.R
P. falciparum	AAA	AAA	K	Lys	Básico	391063	1.6315	0.2373	GCF_000002765.6	2026-08-05	NCBI RefSeq, CDS; RSCU calculado por 04_uso_codones.R
E. coli	AAA	AAA	K	Lys	Básico	43691	1.5365	0.5202	GCF_000005845.2	2026-08-05	NCBI RefSeq, CDS; RSCU calculado por 04_uso_codones.R
S. coelicolor	AAA	AAA	K	Lys	Básico	2679	0.1006	0.7239	GCF_000203835.1	2026-08-05	NCBI RefSeq, CDS; RSCU calculado por 04_uso_codones.R
P. falciparum	AAG	AAG	K	Lys	Básico	88326	0.3685	0.2373	GCF_000002765.6	2026-08-05	NCBI RefSeq, CDS; RSCU calculado por 04_uso_codones.R
E. coli	AAG	AAG	K	Lys	Básico	13180	0.4635	0.5202	GCF_000005845.2	2026-08-05	NCBI RefSeq, CDS; RSCU calculado por 04_uso_codones.R
S. coelicolor	AAG	AAG	K	Lys	Básico	50562	1.8994	0.7239	GCF_000203835.1	2026-08-05	NCBI RefSeq, CDS; RSCU calculado por 04_uso_codones.R
P. falciparum	AGA	AGA	R	Arg	Básico	65076	3.6338	0.2373	GCF_000002765.6	2026-08-05	NCBI RefSeq, CDS; RSCU calculado por 04_uso_codones.R
E. coli	AGA	AGA	R	Arg	Básico	2442	0.2036	0.5202	GCF_000005845.2	2026-08-05	NCBI RefSeq, CDS; RSCU calculado por 04_uso_codones.R
S. coelicolor	AGA	AGA	R	Arg	Básico	1886	0.0525	0.7239	GCF_000203835.1	2026-08-05	NCBI RefSeq, CDS; RSCU calculado por 04_uso_codones.R
P. falciparum	AGG	AGG	R	Arg	Básico	17775	0.9926	0.2373	GCF_000002765.6	2026-08-05	NCBI RefSeq, CDS; RSCU calculado por 04_uso_codones.R
E. coli	AGG	AGG	R	Arg	Básico	1354	0.1129	0.5202	GCF_000005845.2	2026-08-05	NCBI RefSeq, CDS; RSCU calculado por 04_uso_codones.R
S. coelicolor	AGG	AGG	R	Arg	Básico	9023	0.2512	0.7239	GCF_000203835.1	2026-08-05	NCBI RefSeq, CDS; RSCU calculado por 04_uso_codones.R
P. falciparum	CGT	CGU	R	Arg	Básico	12052	0.673	0.2373	GCF_000002765.6	2026-08-05	NCBI RefSeq, CDS; RSCU calculado por 04_uso_codones.R
E. coli	CGT	CGU	R	Arg	Básico	27683	2.308	0.5202	GCF_000005845.2	2026-08-05	NCBI RefSeq, CDS; RSCU calculado por 04_uso_codones.R
S. coelicolor	CGT	CGU	R	Arg	Básico	13784	0.3838	0.7239	GCF_000203835.1	2026-08-05	NCBI RefSeq, CDS; RSCU calculado por 04_uso_codones.R
P. falciparum	CGC	CGC	R	Arg	Básico	1694	0.0946	0.2373	GCF_000002765.6	2026-08-05	NCBI RefSeq, CDS; RSCU calculado por 04_uso_codones.R
E. coli	CGC	CGC	R	Arg	Básico	29049	2.4219	0.5202	GCF_000005845.2	2026-08-05	NCBI RefSeq, CDS; RSCU calculado por 04_uso_codones.R
S. coelicolor	CGC	CGC	R	Arg	Básico	101633	2.8296	0.7239	GCF_000203835.1	2026-08-05	NCBI RefSeq, CDS; RSCU calculado por 04_uso_codones.R
P. falciparum	CGA	CGA	R	Arg	Básico	9726	0.5431	0.2373	GCF_000002765.6	2026-08-05	NCBI RefSeq, CDS; RSCU calculado por 04_uso_codones.R
E. coli	CGA	CGA	R	Arg	Básico	4500	0.3752	0.5202	GCF_000005845.2	2026-08-05	NCBI RefSeq, CDS; RSCU calculado por 04_uso_codones.R
S. coelicolor	CGA	CGA	R	Arg	Básico	6320	0.176	0.7239	GCF_000203835.1	2026-08-05	NCBI RefSeq, CDS; RSCU calculado por 04_uso_codones.R
P. falciparum	CGG	CGG	R	Arg	Básico	1127	0.0629	0.2373	GCF_000002765.6	2026-08-05	NCBI RefSeq, CDS; RSCU calculado por 04_uso_codones.R
E. coli	CGG	CGG	R	Arg	Básico	6938	0.5784	0.5202	GCF_000005845.2	2026-08-05	NCBI RefSeq, CDS; RSCU calculado por 04_uso_codones.R
S. coelicolor	CGG	CGG	R	Arg	Básico	82859	2.3069	0.7239	GCF_000203835.1	2026-08-05	NCBI RefSeq, CDS; RSCU calculado por 04_uso_codones.R
P. falciparum	TGT	UGU	C	Cys	Especial	62683	1.7407	0.2373	GCF_000002765.6	2026-08-05	NCBI RefSeq, CDS; RSCU calculado por 04_uso_codones.R
E. coli	TGT	UGU	C	Cys	Especial	6585	0.8826	0.5202	GCF_000005845.2	2026-08-05	NCBI RefSeq, CDS; RSCU calculado por 04_uso_codones.R
S. coelicolor	TGT	UGU	C	Cys	Especial	1663	0.1696	0.7239	GCF_000203835.1	2026-08-05	NCBI RefSeq, CDS; RSCU calculado por 04_uso_codones.R
P. falciparum	TGC	UGC	C	Cys	Especial	9336	0.2593	0.2373	GCF_000002765.6	2026-08-05	NCBI RefSeq, CDS; RSCU calculado por 04_uso_codones.R
E. coli	TGC	UGC	C	Cys	Especial	8337	1.1174	0.5202	GCF_000005845.2	2026-08-05	NCBI RefSeq, CDS; RSCU calculado por 04_uso_codones.R
S. coelicolor	TGC	UGC	C	Cys	Especial	17950	1.8304	0.7239	GCF_000203835.1	2026-08-05	NCBI RefSeq, CDS; RSCU calculado por 04_uso_codones.R
P. falciparum	GGT	GGU	G	Gly	Especial	47756	1.6625	0.2373	GCF_000002765.6	2026-08-05	NCBI RefSeq, CDS; RSCU calculado por 04_uso_codones.R
E. coli	GGT	GGU	G	Gly	Especial	32690	1.3533	0.5202	GCF_000005845.2	2026-08-05	NCBI RefSeq, CDS; RSCU calculado por 04_uso_codones.R
S. coelicolor	GGT	GGU	G	Gly	Especial	23398	0.3773	0.7239	GCF_000203835.1	2026-08-05	NCBI RefSeq, CDS; RSCU calculado por 04_uso_codones.R
P. falciparum	GGC	GGC	G	Gly	Especial	5421	0.1887	0.2373	GCF_000002765.6	2026-08-05	NCBI RefSeq, CDS; RSCU calculado por 04_uso_codones.R
E. coli	GGC	GGC	G	Gly	Especial	39299	1.6269	0.5202	GCF_000005845.2	2026-08-05	NCBI RefSeq, CDS; RSCU calculado por 04_uso_codones.R
S. coelicolor	GGC	GGC	G	Gly	Especial	159316	2.5691	0.7239	GCF_000203835.1	2026-08-05	NCBI RefSeq, CDS; RSCU calculado por 04_uso_codones.R
P. falciparum	GGA	GGA	G	Gly	Especial	50433	1.7556	0.2373	GCF_000002765.6	2026-08-05	NCBI RefSeq, CDS; RSCU calculado por 04_uso_codones.R
E. coli	GGA	GGA	G	Gly	Especial	10187	0.4217	0.5202	GCF_000005845.2	2026-08-05	NCBI RefSeq, CDS; RSCU calculado por 04_uso_codones.R
S. coelicolor	GGA	GGA	G	Gly	Especial	18297	0.2951	0.7239	GCF_000203835.1	2026-08-05	NCBI RefSeq, CDS; RSCU calculado por 04_uso_codones.R
P. falciparum	GGG	GGG	G	Gly	Especial	11295	0.3932	0.2373	GCF_000002765.6	2026-08-05	NCBI RefSeq, CDS; RSCU calculado por 04_uso_codones.R
E. coli	GGG	GGG	G	Gly	Especial	14447	0.5981	0.5202	GCF_000005845.2	2026-08-05	NCBI RefSeq, CDS; RSCU calculado por 04_uso_codones.R
S. coelicolor	GGG	GGG	G	Gly	Especial	47040	0.7586	0.7239	GCF_000203835.1	2026-08-05	NCBI RefSeq, CDS; RSCU calculado por 04_uso_codones.R
